aether_vial;noble_hierarch;noble_hierarch;champion_of_the_parish;phantasmal_image;phantasmal_image;thalia_guardian_of_thraben;0
seachrome_coast;horizon_canopy;noble_hierarch;noble_hierarch;kitesail_freebooter;phantasmal_image;militia_bugler;1
seachrome_coast;ancient_ziggurat;phantasmal_image;mantis_rider;mantis_rider;militia_bugler;militia_bugler;0
ancient_ziggurat;ancient_ziggurat;cavern_of_souls;kitesail_freebooter;meddling_mage;reflector_mage;reflector_mage;0
seachrome_coast;ancient_ziggurat;champion_of_the_parish;meddling_mage;meddling_mage;mantis_rider;militia_bugler;1
island;plains;ancient_ziggurat;kitesail_freebooter;meddling_mage;meddling_mage;phantasmal_image;0
ancient_ziggurat;noble_hierarch;champion_of_the_parish;champion_of_the_parish;phantasmal_image;thalia_guardian_of_thraben;reflector_mage;0
unclaimed_territory;aether_vial;noble_hierarch;champion_of_the_parish;kitesail_freebooter;mantis_rider;reflector_mage;1
seachrome_coast;horizon_canopy;noble_hierarch;champion_of_the_parish;thalia_guardian_of_thraben;militia_bugler;reflector_mage;1
noble_hierarch;champion_of_the_parish;meddling_mage;thalia_guardian_of_thraben;thalia_lieutenant;militia_bugler;militia_bugler;0
unclaimed_territory;ancient_ziggurat;horizon_canopy;aether_vial;noble_hierarch;phantasmal_image;militia_bugler;1
ancient_ziggurat;ancient_ziggurat;horizon_canopy;noble_hierarch;noble_hierarch;thalia_lieutenant;mantis_rider;1
unclaimed_territory;unclaimed_territory;ancient_ziggurat;noble_hierarch;phantasmal_image;thalia_lieutenant;mantis_rider;1
ancient_ziggurat;ancient_ziggurat;cavern_of_souls;horizon_canopy;thalia_lieutenant;mantis_rider;militia_bugler;0
aether_vial;noble_hierarch;meddling_mage;meddling_mage;phantasmal_image;phantasmal_image;militia_bugler;0
island;unclaimed_territory;unclaimed_territory;unclaimed_territory;cavern_of_souls;champion_of_the_parish;phantasmal_image;0
plains;unclaimed_territory;horizon_canopy;thalia_guardian_of_thraben;mantis_rider;militia_bugler;reflector_mage;0
plains;unclaimed_territory;ancient_ziggurat;aether_vial;noble_hierarch;thalia_guardian_of_thraben;militia_bugler;1
unclaimed_territory;cavern_of_souls;noble_hierarch;kitesail_freebooter;thalia_guardian_of_thraben;mantis_rider;reflector_mage;1
island;horizon_canopy;aether_vial;aether_vial;noble_hierarch;champion_of_the_parish;thalia_lieutenant;1
ancient_ziggurat;cavern_of_souls;aether_vial;noble_hierarch;kitesail_freebooter;meddling_mage;reflector_mage;1
seachrome_coast;unclaimed_territory;unclaimed_territory;ancient_ziggurat;noble_hierarch;noble_hierarch;thalia_guardian_of_thraben;0
unclaimed_territory;ancient_ziggurat;ancient_ziggurat;noble_hierarch;kitesail_freebooter;thalia_lieutenant;reflector_mage;1
horizon_canopy;noble_hierarch;champion_of_the_parish;kitesail_freebooter;thalia_guardian_of_thraben;mantis_rider;reflector_mage;0
island;ancient_ziggurat;horizon_canopy;aether_vial;kitesail_freebooter;thalia_lieutenant;mantis_rider;1
unclaimed_territory;ancient_ziggurat;aether_vial;noble_hierarch;meddling_mage;thalia_lieutenant;mantis_rider;1
seachrome_coast;horizon_canopy;horizon_canopy;noble_hierarch;champion_of_the_parish;thalia_guardian_of_thraben;reflector_mage;1
cavern_of_souls;champion_of_the_parish;champion_of_the_parish;kitesail_freebooter;thalia_lieutenant;mantis_rider;reflector_mage;0
seachrome_coast;cavern_of_souls;cavern_of_souls;cavern_of_souls;meddling_mage;thalia_guardian_of_thraben;thalia_lieutenant;0
aether_vial;aether_vial;kitesail_freebooter;meddling_mage;thalia_guardian_of_thraben;thalia_lieutenant;militia_bugler;0
unclaimed_territory;unclaimed_territory;aether_vial;noble_hierarch;thalia_guardian_of_thraben;thalia_guardian_of_thraben;mantis_rider;1
seachrome_coast;ancient_ziggurat;horizon_canopy;noble_hierarch;noble_hierarch;phantasmal_image;mantis_rider;1
unclaimed_territory;aether_vial;kitesail_freebooter;kitesail_freebooter;thalia_lieutenant;thalia_lieutenant;reflector_mage;1
plains;champion_of_the_parish;kitesail_freebooter;phantasmal_image;thalia_guardian_of_thraben;thalia_guardian_of_thraben;mantis_rider;0
unclaimed_territory;ancient_ziggurat;horizon_canopy;aether_vial;champion_of_the_parish;thalia_lieutenant;militia_bugler;1
horizon_canopy;aether_vial;champion_of_the_parish;kitesail_freebooter;meddling_mage;phantasmal_image;reflector_mage;1
horizon_canopy;champion_of_the_parish;kitesail_freebooter;kitesail_freebooter;phantasmal_image;thalia_guardian_of_thraben;reflector_mage;0
horizon_canopy;thalia_guardian_of_thraben;thalia_guardian_of_thraben;thalia_lieutenant;thalia_lieutenant;mantis_rider;militia_bugler;0
ancient_ziggurat;cavern_of_souls;kitesail_freebooter;meddling_mage;mantis_rider;militia_bugler;reflector_mage;0
island;unclaimed_territory;ancient_ziggurat;cavern_of_souls;noble_hierarch;meddling_mage;militia_bugler;0
ancient_ziggurat;cavern_of_souls;cavern_of_souls;noble_hierarch;kitesail_freebooter;mantis_rider;militia_bugler;1
plains;ancient_ziggurat;champion_of_the_parish;champion_of_the_parish;champion_of_the_parish;meddling_mage;phantasmal_image;1
ancient_ziggurat;champion_of_the_parish;meddling_mage;meddling_mage;mantis_rider;mantis_rider;militia_bugler;0
cavern_of_souls;horizon_canopy;horizon_canopy;noble_hierarch;meddling_mage;meddling_mage;thalia_lieutenant;1
island;cavern_of_souls;aether_vial;champion_of_the_parish;thalia_guardian_of_thraben;thalia_guardian_of_thraben;mantis_rider;1
kitesail_freebooter;meddling_mage;phantasmal_image;thalia_guardian_of_thraben;thalia_guardian_of_thraben;thalia_lieutenant;mantis_rider;0
ancient_ziggurat;cavern_of_souls;aether_vial;phantasmal_image;thalia_guardian_of_thraben;mantis_rider;reflector_mage;1
plains;ancient_ziggurat;aether_vial;meddling_mage;thalia_lieutenant;mantis_rider;mantis_rider;1
unclaimed_territory;unclaimed_territory;horizon_canopy;noble_hierarch;champion_of_the_parish;thalia_guardian_of_thraben;thalia_lieutenant;1
cavern_of_souls;aether_vial;meddling_mage;meddling_mage;meddling_mage;militia_bugler;reflector_mage;1
seachrome_coast;ancient_ziggurat;phantasmal_image;thalia_lieutenant;thalia_lieutenant;mantis_rider;mantis_rider;0
ancient_ziggurat;cavern_of_souls;noble_hierarch;meddling_mage;meddling_mage;mantis_rider;reflector_mage;1
island;ancient_ziggurat;horizon_canopy;horizon_canopy;noble_hierarch;meddling_mage;mantis_rider;1
horizon_canopy;aether_vial;kitesail_freebooter;meddling_mage;phantasmal_image;mantis_rider;mantis_rider;1
unclaimed_territory;ancient_ziggurat;cavern_of_souls;meddling_mage;thalia_lieutenant;thalia_lieutenant;mantis_rider;0
unclaimed_territory;noble_hierarch;noble_hierarch;meddling_mage;meddling_mage;thalia_guardian_of_thraben;thalia_lieutenant;0
ancient_ziggurat;cavern_of_souls;horizon_canopy;aether_vial;noble_hierarch;kitesail_freebooter;phantasmal_image;1
seachrome_coast;unclaimed_territory;aether_vial;champion_of_the_parish;champion_of_the_parish;kitesail_freebooter;thalia_guardian_of_thraben;1
horizon_canopy;kitesail_freebooter;meddling_mage;thalia_lieutenant;mantis_rider;militia_bugler;reflector_mage;0
unclaimed_territory;horizon_canopy;noble_hierarch;kitesail_freebooter;meddling_mage;meddling_mage;militia_bugler;1
cavern_of_souls;noble_hierarch;champion_of_the_parish;champion_of_the_parish;kitesail_freebooter;meddling_mage;militia_bugler;0
island;plains;noble_hierarch;meddling_mage;phantasmal_image;phantasmal_image;phantasmal_image;0
seachrome_coast;horizon_canopy;noble_hierarch;noble_hierarch;kitesail_freebooter;kitesail_freebooter;meddling_mage;0
ancient_ziggurat;horizon_canopy;champion_of_the_parish;kitesail_freebooter;meddling_mage;mantis_rider;militia_bugler;1
unclaimed_territory;ancient_ziggurat;cavern_of_souls;noble_hierarch;kitesail_freebooter;thalia_guardian_of_thraben;mantis_rider;1
ancient_ziggurat;cavern_of_souls;cavern_of_souls;noble_hierarch;champion_of_the_parish;thalia_guardian_of_thraben;thalia_lieutenant;1
seachrome_coast;unclaimed_territory;horizon_canopy;noble_hierarch;phantasmal_image;mantis_rider;mantis_rider;1
unclaimed_territory;ancient_ziggurat;cavern_of_souls;horizon_canopy;noble_hierarch;kitesail_freebooter;mantis_rider;1
horizon_canopy;aether_vial;noble_hierarch;meddling_mage;thalia_lieutenant;thalia_lieutenant;mantis_rider;1
ancient_ziggurat;aether_vial;noble_hierarch;champion_of_the_parish;phantasmal_image;thalia_guardian_of_thraben;mantis_rider;0
seachrome_coast;cavern_of_souls;horizon_canopy;aether_vial;noble_hierarch;meddling_mage;thalia_guardian_of_thraben;1
plains;ancient_ziggurat;ancient_ziggurat;noble_hierarch;champion_of_the_parish;meddling_mage;thalia_lieutenant;1
island;ancient_ziggurat;aether_vial;champion_of_the_parish;kitesail_freebooter;phantasmal_image;thalia_lieutenant;1
island;unclaimed_territory;cavern_of_souls;horizon_canopy;aether_vial;thalia_guardian_of_thraben;mantis_rider;0
cavern_of_souls;champion_of_the_parish;kitesail_freebooter;phantasmal_image;phantasmal_image;mantis_rider;reflector_mage;0
unclaimed_territory;unclaimed_territory;champion_of_the_parish;kitesail_freebooter;kitesail_freebooter;thalia_guardian_of_thraben;mantis_rider;1
island;unclaimed_territory;ancient_ziggurat;aether_vial;champion_of_the_parish;meddling_mage;mantis_rider;1
ancient_ziggurat;cavern_of_souls;cavern_of_souls;kitesail_freebooter;kitesail_freebooter;thalia_guardian_of_thraben;thalia_lieutenant;0
ancient_ziggurat;horizon_canopy;phantasmal_image;thalia_guardian_of_thraben;thalia_lieutenant;mantis_rider;reflector_mage;0
horizon_canopy;aether_vial;champion_of_the_parish;meddling_mage;phantasmal_image;thalia_lieutenant;mantis_rider;1
unclaimed_territory;cavern_of_souls;aether_vial;champion_of_the_parish;thalia_guardian_of_thraben;thalia_lieutenant;militia_bugler;1
plains;unclaimed_territory;ancient_ziggurat;meddling_mage;thalia_guardian_of_thraben;mantis_rider;reflector_mage;0
unclaimed_territory;aether_vial;noble_hierarch;kitesail_freebooter;kitesail_freebooter;kitesail_freebooter;reflector_mage;1
unclaimed_territory;noble_hierarch;champion_of_the_parish;phantasmal_image;thalia_guardian_of_thraben;mantis_rider;reflector_mage;0
horizon_canopy;horizon_canopy;aether_vial;champion_of_the_parish;champion_of_the_parish;kitesail_freebooter;meddling_mage;1
horizon_canopy;aether_vial;noble_hierarch;kitesail_freebooter;kitesail_freebooter;thalia_guardian_of_thraben;reflector_mage;1
aether_vial;noble_hierarch;kitesail_freebooter;kitesail_freebooter;thalia_lieutenant;reflector_mage;reflector_mage;0
island;noble_hierarch;noble_hierarch;champion_of_the_parish;meddling_mage;thalia_guardian_of_thraben;reflector_mage;0
ancient_ziggurat;noble_hierarch;champion_of_the_parish;kitesail_freebooter;phantasmal_image;mantis_rider;reflector_mage;0
unclaimed_territory;cavern_of_souls;noble_hierarch;champion_of_the_parish;kitesail_freebooter;meddling_mage;reflector_mage;1
ancient_ziggurat;aether_vial;champion_of_the_parish;phantasmal_image;militia_bugler;reflector_mage;reflector_mage;0
cavern_of_souls;champion_of_the_parish;champion_of_the_parish;kitesail_freebooter;phantasmal_image;thalia_lieutenant;reflector_mage;0
ancient_ziggurat;cavern_of_souls;horizon_canopy;kitesail_freebooter;meddling_mage;phantasmal_image;thalia_lieutenant;0
ancient_ziggurat;kitesail_freebooter;kitesail_freebooter;meddling_mage;phantasmal_image;mantis_rider;militia_bugler;0
unclaimed_territory;horizon_canopy;aether_vial;noble_hierarch;champion_of_the_parish;mantis_rider;reflector_mage;1
unclaimed_territory;unclaimed_territory;ancient_ziggurat;cavern_of_souls;aether_vial;champion_of_the_parish;kitesail_freebooter;0
ancient_ziggurat;ancient_ziggurat;noble_hierarch;champion_of_the_parish;kitesail_freebooter;mantis_rider;reflector_mage;1
aether_vial;champion_of_the_parish;phantasmal_image;mantis_rider;mantis_rider;militia_bugler;reflector_mage;0
ancient_ziggurat;horizon_canopy;champion_of_the_parish;champion_of_the_parish;kitesail_freebooter;thalia_lieutenant;mantis_rider;1
unclaimed_territory;ancient_ziggurat;horizon_canopy;meddling_mage;thalia_lieutenant;mantis_rider;reflector_mage;0
unclaimed_territory;ancient_ziggurat;horizon_canopy;champion_of_the_parish;kitesail_freebooter;meddling_mage;militia_bugler;1
unclaimed_territory;cavern_of_souls;horizon_canopy;noble_hierarch;kitesail_freebooter;kitesail_freebooter;thalia_lieutenant;1
plains;unclaimed_territory;meddling_mage;phantasmal_image;mantis_rider;reflector_mage;reflector_mage;0
unclaimed_territory;champion_of_the_parish;kitesail_freebooter;phantasmal_image;thalia_lieutenant;mantis_rider;mantis_rider;0
horizon_canopy;aether_vial;noble_hierarch;meddling_mage;thalia_lieutenant;mantis_rider;reflector_mage;1
plains;unclaimed_territory;horizon_canopy;aether_vial;aether_vial;mantis_rider;militia_bugler;0
plains;aether_vial;kitesail_freebooter;phantasmal_image;thalia_lieutenant;militia_bugler;reflector_mage;1
horizon_canopy;aether_vial;aether_vial;kitesail_freebooter;phantasmal_image;thalia_lieutenant;militia_bugler;1
ancient_ziggurat;cavern_of_souls;aether_vial;champion_of_the_parish;kitesail_freebooter;meddling_mage;reflector_mage;1
unclaimed_territory;unclaimed_territory;cavern_of_souls;horizon_canopy;phantasmal_image;mantis_rider;reflector_mage;0
plains;seachrome_coast;horizon_canopy;noble_hierarch;meddling_mage;thalia_guardian_of_thraben;mantis_rider;1
ancient_ziggurat;cavern_of_souls;champion_of_the_parish;champion_of_the_parish;meddling_mage;phantasmal_image;reflector_mage;1
ancient_ziggurat;cavern_of_souls;noble_hierarch;thalia_guardian_of_thraben;thalia_lieutenant;thalia_lieutenant;mantis_rider;1
cavern_of_souls;noble_hierarch;champion_of_the_parish;kitesail_freebooter;phantasmal_image;thalia_lieutenant;mantis_rider;0
cavern_of_souls;cavern_of_souls;aether_vial;phantasmal_image;mantis_rider;militia_bugler;reflector_mage;0
horizon_canopy;noble_hierarch;kitesail_freebooter;meddling_mage;phantasmal_image;phantasmal_image;thalia_lieutenant;0
seachrome_coast;cavern_of_souls;aether_vial;champion_of_the_parish;phantasmal_image;thalia_lieutenant;militia_bugler;1
seachrome_coast;ancient_ziggurat;cavern_of_souls;champion_of_the_parish;kitesail_freebooter;meddling_mage;thalia_lieutenant;1
cavern_of_souls;horizon_canopy;champion_of_the_parish;kitesail_freebooter;phantasmal_image;thalia_guardian_of_thraben;reflector_mage;1
aether_vial;aether_vial;champion_of_the_parish;kitesail_freebooter;phantasmal_image;thalia_guardian_of_thraben;militia_bugler;0
unclaimed_territory;ancient_ziggurat;cavern_of_souls;horizon_canopy;kitesail_freebooter;thalia_guardian_of_thraben;mantis_rider;0
plains;cavern_of_souls;champion_of_the_parish;phantasmal_image;thalia_lieutenant;thalia_lieutenant;militia_bugler;1
unclaimed_territory;cavern_of_souls;cavern_of_souls;champion_of_the_parish;kitesail_freebooter;kitesail_freebooter;reflector_mage;1
unclaimed_territory;aether_vial;noble_hierarch;kitesail_freebooter;kitesail_freebooter;thalia_guardian_of_thraben;mantis_rider;1
cavern_of_souls;champion_of_the_parish;champion_of_the_parish;thalia_guardian_of_thraben;thalia_guardian_of_thraben;militia_bugler;militia_bugler;0
plains;unclaimed_territory;ancient_ziggurat;noble_hierarch;phantasmal_image;thalia_guardian_of_thraben;reflector_mage;1
horizon_canopy;champion_of_the_parish;kitesail_freebooter;phantasmal_image;thalia_guardian_of_thraben;mantis_rider;militia_bugler;0
unclaimed_territory;ancient_ziggurat;ancient_ziggurat;noble_hierarch;champion_of_the_parish;thalia_lieutenant;reflector_mage;1
plains;unclaimed_territory;cavern_of_souls;horizon_canopy;champion_of_the_parish;kitesail_freebooter;thalia_guardian_of_thraben;1
unclaimed_territory;aether_vial;noble_hierarch;noble_hierarch;champion_of_the_parish;thalia_lieutenant;militia_bugler;1
unclaimed_territory;ancient_ziggurat;cavern_of_souls;champion_of_the_parish;kitesail_freebooter;thalia_guardian_of_thraben;mantis_rider;1
ancient_ziggurat;horizon_canopy;noble_hierarch;noble_hierarch;meddling_mage;meddling_mage;thalia_lieutenant;1
plains;cavern_of_souls;champion_of_the_parish;champion_of_the_parish;kitesail_freebooter;thalia_lieutenant;mantis_rider;1
horizon_canopy;kitesail_freebooter;kitesail_freebooter;kitesail_freebooter;meddling_mage;meddling_mage;phantasmal_image;0
island;ancient_ziggurat;horizon_canopy;aether_vial;noble_hierarch;noble_hierarch;kitesail_freebooter;0
aether_vial;champion_of_the_parish;kitesail_freebooter;phantasmal_image;thalia_lieutenant;militia_bugler;militia_bugler;0
island;cavern_of_souls;horizon_canopy;champion_of_the_parish;kitesail_freebooter;thalia_lieutenant;reflector_mage;1
unclaimed_territory;ancient_ziggurat;cavern_of_souls;cavern_of_souls;phantasmal_image;militia_bugler;militia_bugler;0
unclaimed_territory;horizon_canopy;kitesail_freebooter;kitesail_freebooter;meddling_mage;mantis_rider;militia_bugler;0
island;cavern_of_souls;cavern_of_souls;cavern_of_souls;kitesail_freebooter;thalia_lieutenant;reflector_mage;0
island;ancient_ziggurat;cavern_of_souls;horizon_canopy;aether_vial;noble_hierarch;meddling_mage;0
unclaimed_territory;ancient_ziggurat;cavern_of_souls;aether_vial;meddling_mage;phantasmal_image;thalia_guardian_of_thraben;1
unclaimed_territory;horizon_canopy;horizon_canopy;champion_of_the_parish;phantasmal_image;thalia_guardian_of_thraben;reflector_mage;1
island;ancient_ziggurat;horizon_canopy;kitesail_freebooter;kitesail_freebooter;meddling_mage;reflector_mage;0
unclaimed_territory;ancient_ziggurat;noble_hierarch;champion_of_the_parish;kitesail_freebooter;thalia_guardian_of_thraben;militia_bugler;1
ancient_ziggurat;ancient_ziggurat;cavern_of_souls;horizon_canopy;champion_of_the_parish;champion_of_the_parish;meddling_mage;1
plains;seachrome_coast;cavern_of_souls;champion_of_the_parish;meddling_mage;phantasmal_image;phantasmal_image;1
cavern_of_souls;horizon_canopy;noble_hierarch;kitesail_freebooter;thalia_lieutenant;thalia_lieutenant;thalia_lieutenant;1
seachrome_coast;cavern_of_souls;aether_vial;meddling_mage;meddling_mage;phantasmal_image;thalia_lieutenant;1
island;ancient_ziggurat;horizon_canopy;horizon_canopy;phantasmal_image;thalia_guardian_of_thraben;thalia_guardian_of_thraben;0
island;unclaimed_territory;aether_vial;kitesail_freebooter;phantasmal_image;thalia_lieutenant;thalia_lieutenant;1
unclaimed_territory;ancient_ziggurat;horizon_canopy;noble_hierarch;phantasmal_image;phantasmal_image;reflector_mage;0
plains;seachrome_coast;aether_vial;aether_vial;champion_of_the_parish;meddling_mage;reflector_mage;1
unclaimed_territory;horizon_canopy;aether_vial;noble_hierarch;meddling_mage;phantasmal_image;thalia_lieutenant;1
horizon_canopy;noble_hierarch;champion_of_the_parish;phantasmal_image;thalia_lieutenant;militia_bugler;reflector_mage;0
cavern_of_souls;cavern_of_souls;horizon_canopy;champion_of_the_parish;phantasmal_image;thalia_guardian_of_thraben;reflector_mage;1
unclaimed_territory;ancient_ziggurat;cavern_of_souls;horizon_canopy;phantasmal_image;thalia_guardian_of_thraben;thalia_lieutenant;0
seachrome_coast;unclaimed_territory;unclaimed_territory;horizon_canopy;kitesail_freebooter;thalia_lieutenant;thalia_lieutenant;0
unclaimed_territory;unclaimed_territory;aether_vial;phantasmal_image;thalia_lieutenant;mantis_rider;militia_bugler;1
cavern_of_souls;cavern_of_souls;kitesail_freebooter;meddling_mage;phantasmal_image;thalia_lieutenant;thalia_lieutenant;0
ancient_ziggurat;horizon_canopy;horizon_canopy;kitesail_freebooter;mantis_rider;militia_bugler;reflector_mage;0
unclaimed_territory;ancient_ziggurat;aether_vial;champion_of_the_parish;kitesail_freebooter;kitesail_freebooter;mantis_rider;1
cavern_of_souls;cavern_of_souls;aether_vial;champion_of_the_parish;meddling_mage;mantis_rider;reflector_mage;1
plains;unclaimed_territory;unclaimed_territory;horizon_canopy;meddling_mage;phantasmal_image;mantis_rider;0
unclaimed_territory;ancient_ziggurat;ancient_ziggurat;aether_vial;noble_hierarch;noble_hierarch;phantasmal_image;0
unclaimed_territory;unclaimed_territory;aether_vial;meddling_mage;phantasmal_image;thalia_guardian_of_thraben;militia_bugler;1
unclaimed_territory;cavern_of_souls;noble_hierarch;champion_of_the_parish;kitesail_freebooter;thalia_guardian_of_thraben;thalia_lieutenant;1
champion_of_the_parish;champion_of_the_parish;kitesail_freebooter;phantasmal_image;thalia_guardian_of_thraben;thalia_lieutenant;mantis_rider;0
seachrome_coast;horizon_canopy;noble_hierarch;champion_of_the_parish;kitesail_freebooter;meddling_mage;meddling_mage;1
plains;unclaimed_territory;cavern_of_souls;aether_vial;noble_hierarch;mantis_rider;militia_bugler;1
unclaimed_territory;cavern_of_souls;champion_of_the_parish;kitesail_freebooter;meddling_mage;thalia_guardian_of_thraben;mantis_rider;1
cavern_of_souls;aether_vial;champion_of_the_parish;meddling_mage;phantasmal_image;militia_bugler;reflector_mage;1
ancient_ziggurat;cavern_of_souls;cavern_of_souls;cavern_of_souls;aether_vial;meddling_mage;mantis_rider;0
seachrome_coast;horizon_canopy;aether_vial;noble_hierarch;meddling_mage;mantis_rider;militia_bugler;1
island;ancient_ziggurat;noble_hierarch;noble_hierarch;phantasmal_image;thalia_guardian_of_thraben;thalia_lieutenant;1
island;plains;ancient_ziggurat;ancient_ziggurat;horizon_canopy;noble_hierarch;mantis_rider;0
unclaimed_territory;cavern_of_souls;aether_vial;meddling_mage;meddling_mage;thalia_lieutenant;militia_bugler;1
island;ancient_ziggurat;cavern_of_souls;noble_hierarch;noble_hierarch;mantis_rider;reflector_mage;1
unclaimed_territory;horizon_canopy;kitesail_freebooter;thalia_guardian_of_thraben;thalia_guardian_of_thraben;militia_bugler;reflector_mage;0
horizon_canopy;aether_vial;noble_hierarch;noble_hierarch;noble_hierarch;kitesail_freebooter;kitesail_freebooter;1
unclaimed_territory;unclaimed_territory;cavern_of_souls;noble_hierarch;noble_hierarch;meddling_mage;phantasmal_image;0
island;plains;horizon_canopy;noble_hierarch;champion_of_the_parish;kitesail_freebooter;thalia_lieutenant;1
seachrome_coast;aether_vial;kitesail_freebooter;thalia_lieutenant;thalia_lieutenant;reflector_mage;reflector_mage;1
ancient_ziggurat;cavern_of_souls;cavern_of_souls;horizon_canopy;horizon_canopy;thalia_guardian_of_thraben;militia_bugler;0
seachrome_coast;ancient_ziggurat;cavern_of_souls;horizon_canopy;champion_of_the_parish;champion_of_the_parish;thalia_lieutenant;1
island;ancient_ziggurat;aether_vial;meddling_mage;phantasmal_image;militia_bugler;militia_bugler;1
ancient_ziggurat;horizon_canopy;horizon_canopy;aether_vial;champion_of_the_parish;kitesail_freebooter;kitesail_freebooter;1
island;seachrome_coast;unclaimed_territory;noble_hierarch;champion_of_the_parish;meddling_mage;phantasmal_image;1
unclaimed_territory;ancient_ziggurat;ancient_ziggurat;horizon_canopy;noble_hierarch;mantis_rider;mantis_rider;1
cavern_of_souls;cavern_of_souls;meddling_mage;phantasmal_image;mantis_rider;militia_bugler;militia_bugler;0
unclaimed_territory;cavern_of_souls;cavern_of_souls;aether_vial;noble_hierarch;champion_of_the_parish;kitesail_freebooter;0
cavern_of_souls;horizon_canopy;aether_vial;noble_hierarch;kitesail_freebooter;phantasmal_image;reflector_mage;1
island;cavern_of_souls;horizon_canopy;noble_hierarch;kitesail_freebooter;meddling_mage;meddling_mage;1
seachrome_coast;phantasmal_image;thalia_guardian_of_thraben;thalia_lieutenant;mantis_rider;militia_bugler;militia_bugler;0
cavern_of_souls;aether_vial;champion_of_the_parish;meddling_mage;meddling_mage;thalia_guardian_of_thraben;militia_bugler;1
unclaimed_territory;ancient_ziggurat;cavern_of_souls;cavern_of_souls;kitesail_freebooter;thalia_guardian_of_thraben;militia_bugler;0
unclaimed_territory;cavern_of_souls;horizon_canopy;noble_hierarch;meddling_mage;phantasmal_image;reflector_mage;1
cavern_of_souls;champion_of_the_parish;champion_of_the_parish;champion_of_the_parish;kitesail_freebooter;meddling_mage;militia_bugler;0
unclaimed_territory;cavern_of_souls;horizon_canopy;phantasmal_image;thalia_guardian_of_thraben;thalia_guardian_of_thraben;thalia_lieutenant;0
ancient_ziggurat;ancient_ziggurat;horizon_canopy;noble_hierarch;kitesail_freebooter;kitesail_freebooter;mantis_rider;1
ancient_ziggurat;aether_vial;champion_of_the_parish;phantasmal_image;phantasmal_image;mantis_rider;mantis_rider;0
ancient_ziggurat;aether_vial;champion_of_the_parish;kitesail_freebooter;phantasmal_image;mantis_rider;militia_bugler;0
ancient_ziggurat;aether_vial;champion_of_the_parish;champion_of_the_parish;phantasmal_image;mantis_rider;mantis_rider;0
ancient_ziggurat;aether_vial;champion_of_the_parish;champion_of_the_parish;champion_of_the_parish;mantis_rider;mantis_rider;0
ancient_ziggurat;aether_vial;aether_vial;champion_of_the_parish;champion_of_the_parish;mantis_rider;mantis_rider;0
ancient_ziggurat;aether_vial;noble_hierarch;champion_of_the_parish;champion_of_the_parish;phantasmal_image;phantasmal_image;0
plains;seachrome_coast;unclaimed_territory;ancient_ziggurat;cavern_of_souls;aether_vial;militia_bugler;0
unclaimed_territory;cavern_of_souls;aether_vial;meddling_mage;phantasmal_image;militia_bugler;reflector_mage;1
cavern_of_souls;noble_hierarch;phantasmal_image;mantis_rider;mantis_rider;militia_bugler;militia_bugler;0
seachrome_coast;unclaimed_territory;unclaimed_territory;cavern_of_souls;aether_vial;meddling_mage;militia_bugler;0
island;ancient_ziggurat;champion_of_the_parish;kitesail_freebooter;thalia_lieutenant;mantis_rider;militia_bugler;1
unclaimed_territory;unclaimed_territory;ancient_ziggurat;horizon_canopy;phantasmal_image;thalia_lieutenant;militia_bugler;0
unclaimed_territory;cavern_of_souls;aether_vial;noble_hierarch;kitesail_freebooter;meddling_mage;phantasmal_image;1
seachrome_coast;unclaimed_territory;noble_hierarch;noble_hierarch;thalia_guardian_of_thraben;thalia_lieutenant;thalia_lieutenant;1
ancient_ziggurat;ancient_ziggurat;aether_vial;champion_of_the_parish;champion_of_the_parish;kitesail_freebooter;meddling_mage;1
unclaimed_territory;unclaimed_territory;cavern_of_souls;noble_hierarch;champion_of_the_parish;meddling_mage;thalia_guardian_of_thraben;1
plains;seachrome_coast;champion_of_the_parish;kitesail_freebooter;meddling_mage;mantis_rider;militia_bugler;1
unclaimed_territory;unclaimed_territory;ancient_ziggurat;ancient_ziggurat;horizon_canopy;noble_hierarch;reflector_mage;0
cavern_of_souls;horizon_canopy;champion_of_the_parish;kitesail_freebooter;kitesail_freebooter;meddling_mage;mantis_rider;1
champion_of_the_parish;champion_of_the_parish;meddling_mage;meddling_mage;phantasmal_image;thalia_lieutenant;reflector_mage;0
cavern_of_souls;horizon_canopy;aether_vial;champion_of_the_parish;meddling_mage;phantasmal_image;reflector_mage;1
unclaimed_territory;unclaimed_territory;cavern_of_souls;thalia_lieutenant;thalia_lieutenant;mantis_rider;reflector_mage;0
unclaimed_territory;unclaimed_territory;ancient_ziggurat;horizon_canopy;horizon_canopy;aether_vial;champion_of_the_parish;0
noble_hierarch;champion_of_the_parish;champion_of_the_parish;meddling_mage;meddling_mage;thalia_lieutenant;mantis_rider;0
unclaimed_territory;aether_vial;aether_vial;noble_hierarch;kitesail_freebooter;militia_bugler;reflector_mage;1
island;ancient_ziggurat;aether_vial;champion_of_the_parish;champion_of_the_parish;meddling_mage;thalia_guardian_of_thraben;1
plains;ancient_ziggurat;ancient_ziggurat;champion_of_the_parish;meddling_mage;thalia_guardian_of_thraben;militia_bugler;1
unclaimed_territory;phantasmal_image;phantasmal_image;thalia_guardian_of_thraben;thalia_lieutenant;mantis_rider;mantis_rider;0
island;ancient_ziggurat;horizon_canopy;noble_hierarch;noble_hierarch;phantasmal_image;mantis_rider;1
ancient_ziggurat;cavern_of_souls;aether_vial;aether_vial;phantasmal_image;thalia_lieutenant;militia_bugler;1
unclaimed_territory;cavern_of_souls;aether_vial;champion_of_the_parish;phantasmal_image;phantasmal_image;thalia_guardian_of_thraben;1
plains;ancient_ziggurat;cavern_of_souls;kitesail_freebooter;meddling_mage;thalia_lieutenant;mantis_rider;0
ancient_ziggurat;cavern_of_souls;noble_hierarch;phantasmal_image;thalia_lieutenant;mantis_rider;reflector_mage;1
horizon_canopy;noble_hierarch;champion_of_the_parish;phantasmal_image;thalia_guardian_of_thraben;thalia_guardian_of_thraben;mantis_rider;0
unclaimed_territory;horizon_canopy;meddling_mage;phantasmal_image;thalia_guardian_of_thraben;mantis_rider;mantis_rider;0
cavern_of_souls;cavern_of_souls;horizon_canopy;champion_of_the_parish;thalia_lieutenant;mantis_rider;militia_bugler;1
ancient_ziggurat;horizon_canopy;noble_hierarch;champion_of_the_parish;phantasmal_image;mantis_rider;mantis_rider;1
cavern_of_souls;horizon_canopy;horizon_canopy;meddling_mage;thalia_guardian_of_thraben;mantis_rider;militia_bugler;0
horizon_canopy;aether_vial;kitesail_freebooter;meddling_mage;meddling_mage;thalia_guardian_of_thraben;mantis_rider;1
island;unclaimed_territory;cavern_of_souls;cavern_of_souls;horizon_canopy;champion_of_the_parish;kitesail_freebooter;0
plains;cavern_of_souls;noble_hierarch;phantasmal_image;mantis_rider;reflector_mage;reflector_mage;1
unclaimed_territory;ancient_ziggurat;noble_hierarch;meddling_mage;mantis_rider;militia_bugler;militia_bugler;1
plains;champion_of_the_parish;kitesail_freebooter;meddling_mage;phantasmal_image;thalia_guardian_of_thraben;mantis_rider;0
noble_hierarch;champion_of_the_parish;meddling_mage;phantasmal_image;thalia_lieutenant;thalia_lieutenant;mantis_rider;0
unclaimed_territory;unclaimed_territory;aether_vial;kitesail_freebooter;phantasmal_image;thalia_guardian_of_thraben;thalia_lieutenant;1
island;ancient_ziggurat;noble_hierarch;champion_of_the_parish;kitesail_freebooter;meddling_mage;militia_bugler;1
ancient_ziggurat;aether_vial;champion_of_the_parish;kitesail_freebooter;meddling_mage;thalia_guardian_of_thraben;mantis_rider;0
ancient_ziggurat;aether_vial;noble_hierarch;champion_of_the_parish;kitesail_freebooter;mantis_rider;militia_bugler;0
seachrome_coast;cavern_of_souls;aether_vial;noble_hierarch;thalia_guardian_of_thraben;militia_bugler;reflector_mage;1
seachrome_coast;horizon_canopy;thalia_guardian_of_thraben;mantis_rider;mantis_rider;mantis_rider;mantis_rider;0
horizon_canopy;phantasmal_image;phantasmal_image;thalia_guardian_of_thraben;thalia_guardian_of_thraben;mantis_rider;militia_bugler;0
island;cavern_of_souls;thalia_lieutenant;mantis_rider;militia_bugler;reflector_mage;reflector_mage;0
seachrome_coast;unclaimed_territory;horizon_canopy;kitesail_freebooter;kitesail_freebooter;meddling_mage;militia_bugler;0
unclaimed_territory;cavern_of_souls;aether_vial;champion_of_the_parish;kitesail_freebooter;kitesail_freebooter;kitesail_freebooter;1
cavern_of_souls;cavern_of_souls;aether_vial;noble_hierarch;phantasmal_image;thalia_lieutenant;mantis_rider;1
island;noble_hierarch;noble_hierarch;meddling_mage;meddling_mage;thalia_guardian_of_thraben;thalia_lieutenant;0
seachrome_coast;ancient_ziggurat;horizon_canopy;champion_of_the_parish;phantasmal_image;mantis_rider;militia_bugler;1
ancient_ziggurat;cavern_of_souls;aether_vial;champion_of_the_parish;phantasmal_image;mantis_rider;reflector_mage;1
ancient_ziggurat;ancient_ziggurat;aether_vial;noble_hierarch;champion_of_the_parish;thalia_lieutenant;militia_bugler;1
unclaimed_territory;horizon_canopy;horizon_canopy;aether_vial;champion_of_the_parish;kitesail_freebooter;mantis_rider;1
ancient_ziggurat;horizon_canopy;aether_vial;champion_of_the_parish;meddling_mage;phantasmal_image;mantis_rider;1
plains;unclaimed_territory;horizon_canopy;meddling_mage;meddling_mage;thalia_guardian_of_thraben;militia_bugler;0
island;ancient_ziggurat;champion_of_the_parish;kitesail_freebooter;meddling_mage;meddling_mage;militia_bugler;1
seachrome_coast;unclaimed_territory;cavern_of_souls;aether_vial;champion_of_the_parish;kitesail_freebooter;meddling_mage;1
seachrome_coast;ancient_ziggurat;cavern_of_souls;horizon_canopy;kitesail_freebooter;meddling_mage;thalia_lieutenant;0
cavern_of_souls;aether_vial;noble_hierarch;champion_of_the_parish;champion_of_the_parish;mantis_rider;militia_bugler;1
plains;unclaimed_territory;ancient_ziggurat;ancient_ziggurat;horizon_canopy;champion_of_the_parish;meddling_mage;0
aether_vial;aether_vial;kitesail_freebooter;thalia_lieutenant;thalia_lieutenant;mantis_rider;reflector_mage;0
unclaimed_territory;ancient_ziggurat;cavern_of_souls;horizon_canopy;aether_vial;champion_of_the_parish;meddling_mage;0
ancient_ziggurat;cavern_of_souls;horizon_canopy;aether_vial;kitesail_freebooter;meddling_mage;reflector_mage;1
plains;ancient_ziggurat;horizon_canopy;aether_vial;mantis_rider;reflector_mage;reflector_mage;0
unclaimed_territory;aether_vial;kitesail_freebooter;meddling_mage;phantasmal_image;thalia_guardian_of_thraben;thalia_lieutenant;1
seachrome_coast;unclaimed_territory;horizon_canopy;phantasmal_image;phantasmal_image;thalia_guardian_of_thraben;mantis_rider;0
cavern_of_souls;horizon_canopy;kitesail_freebooter;kitesail_freebooter;thalia_guardian_of_thraben;mantis_rider;reflector_mage;0
plains;ancient_ziggurat;aether_vial;noble_hierarch;thalia_guardian_of_thraben;thalia_lieutenant;militia_bugler;1
unclaimed_territory;cavern_of_souls;horizon_canopy;aether_vial;champion_of_the_parish;kitesail_freebooter;militia_bugler;1
unclaimed_territory;cavern_of_souls;horizon_canopy;aether_vial;kitesail_freebooter;meddling_mage;thalia_lieutenant;1
unclaimed_territory;ancient_ziggurat;aether_vial;noble_hierarch;kitesail_freebooter;meddling_mage;reflector_mage;1
island;cavern_of_souls;noble_hierarch;champion_of_the_parish;champion_of_the_parish;mantis_rider;reflector_mage;1
noble_hierarch;noble_hierarch;kitesail_freebooter;phantasmal_image;phantasmal_image;thalia_lieutenant;militia_bugler;0
aether_vial;noble_hierarch;kitesail_freebooter;kitesail_freebooter;kitesail_freebooter;thalia_guardian_of_thraben;reflector_mage;0
cavern_of_souls;kitesail_freebooter;meddling_mage;thalia_lieutenant;thalia_lieutenant;militia_bugler;militia_bugler;0
unclaimed_territory;cavern_of_souls;horizon_canopy;horizon_canopy;kitesail_freebooter;militia_bugler;reflector_mage;0
unclaimed_territory;aether_vial;noble_hierarch;kitesail_freebooter;kitesail_freebooter;mantis_rider;reflector_mage;1
island;ancient_ziggurat;cavern_of_souls;noble_hierarch;kitesail_freebooter;thalia_guardian_of_thraben;thalia_lieutenant;1
seachrome_coast;horizon_canopy;meddling_mage;phantasmal_image;thalia_guardian_of_thraben;mantis_rider;militia_bugler;0
ancient_ziggurat;aether_vial;champion_of_the_parish;kitesail_freebooter;kitesail_freebooter;meddling_mage;phantasmal_image;0
seachrome_coast;horizon_canopy;champion_of_the_parish;phantasmal_image;thalia_guardian_of_thraben;mantis_rider;mantis_rider;1
unclaimed_territory;horizon_canopy;aether_vial;kitesail_freebooter;kitesail_freebooter;phantasmal_image;thalia_guardian_of_thraben;1
plains;horizon_canopy;noble_hierarch;champion_of_the_parish;champion_of_the_parish;thalia_lieutenant;thalia_lieutenant;1
island;ancient_ziggurat;noble_hierarch;champion_of_the_parish;champion_of_the_parish;phantasmal_image;reflector_mage;1
ancient_ziggurat;horizon_canopy;noble_hierarch;phantasmal_image;phantasmal_image;thalia_guardian_of_thraben;thalia_lieutenant;1
plains;seachrome_coast;unclaimed_territory;ancient_ziggurat;ancient_ziggurat;militia_bugler;militia_bugler;0
plains;aether_vial;noble_hierarch;kitesail_freebooter;phantasmal_image;thalia_lieutenant;reflector_mage;1
unclaimed_territory;ancient_ziggurat;kitesail_freebooter;meddling_mage;phantasmal_image;thalia_guardian_of_thraben;militia_bugler;0
unclaimed_territory;horizon_canopy;noble_hierarch;kitesail_freebooter;thalia_lieutenant;thalia_lieutenant;reflector_mage;1
seachrome_coast;unclaimed_territory;aether_vial;kitesail_freebooter;thalia_lieutenant;militia_bugler;reflector_mage;1
unclaimed_territory;ancient_ziggurat;cavern_of_souls;meddling_mage;phantasmal_image;thalia_guardian_of_thraben;thalia_lieutenant;0
horizon_canopy;meddling_mage;meddling_mage;phantasmal_image;mantis_rider;militia_bugler;reflector_mage;0
plains;unclaimed_territory;cavern_of_souls;horizon_canopy;meddling_mage;militia_bugler;reflector_mage;0
unclaimed_territory;cavern_of_souls;noble_hierarch;champion_of_the_parish;champion_of_the_parish;thalia_lieutenant;reflector_mage;1
unclaimed_territory;kitesail_freebooter;meddling_mage;meddling_mage;phantasmal_image;thalia_lieutenant;militia_bugler;0
horizon_canopy;champion_of_the_parish;kitesail_freebooter;thalia_guardian_of_thraben;thalia_lieutenant;mantis_rider;reflector_mage;0
cavern_of_souls;horizon_canopy;champion_of_the_parish;champion_of_the_parish;meddling_mage;phantasmal_image;thalia_lieutenant;1
unclaimed_territory;unclaimed_territory;horizon_canopy;aether_vial;champion_of_the_parish;mantis_rider;militia_bugler;1
seachrome_coast;unclaimed_territory;noble_hierarch;noble_hierarch;thalia_guardian_of_thraben;thalia_lieutenant;reflector_mage;1
horizon_canopy;noble_hierarch;meddling_mage;phantasmal_image;thalia_guardian_of_thraben;thalia_lieutenant;militia_bugler;0
seachrome_coast;unclaimed_territory;horizon_canopy;champion_of_the_parish;meddling_mage;phantasmal_image;mantis_rider;1
unclaimed_territory;meddling_mage;meddling_mage;meddling_mage;phantasmal_image;mantis_rider;mantis_rider;0
kitesail_freebooter;phantasmal_image;phantasmal_image;thalia_guardian_of_thraben;thalia_guardian_of_thraben;mantis_rider;reflector_mage;0
island;horizon_canopy;noble_hierarch;champion_of_the_parish;phantasmal_image;thalia_guardian_of_thraben;mantis_rider;1
cavern_of_souls;horizon_canopy;horizon_canopy;champion_of_the_parish;phantasmal_image;phantasmal_image;thalia_lieutenant;1
ancient_ziggurat;cavern_of_souls;noble_hierarch;kitesail_freebooter;meddling_mage;thalia_lieutenant;mantis_rider;1
unclaimed_territory;cavern_of_souls;horizon_canopy;horizon_canopy;noble_hierarch;noble_hierarch;militia_bugler;0
ancient_ziggurat;aether_vial;noble_hierarch;noble_hierarch;thalia_lieutenant;militia_bugler;reflector_mage;0
island;unclaimed_territory;ancient_ziggurat;cavern_of_souls;meddling_mage;meddling_mage;mantis_rider;0
seachrome_coast;unclaimed_territory;ancient_ziggurat;cavern_of_souls;cavern_of_souls;aether_vial;thalia_lieutenant;0
aether_vial;meddling_mage;meddling_mage;thalia_lieutenant;militia_bugler;reflector_mage;reflector_mage;0
island;seachrome_coast;horizon_canopy;horizon_canopy;aether_vial;champion_of_the_parish;phantasmal_image;0
plains;ancient_ziggurat;phantasmal_image;thalia_guardian_of_thraben;thalia_lieutenant;mantis_rider;militia_bugler;0
ancient_ziggurat;ancient_ziggurat;noble_hierarch;champion_of_the_parish;kitesail_freebooter;phantasmal_image;thalia_lieutenant;1
unclaimed_territory;cavern_of_souls;phantasmal_image;thalia_guardian_of_thraben;mantis_rider;mantis_rider;militia_bugler;0
unclaimed_territory;ancient_ziggurat;aether_vial;noble_hierarch;phantasmal_image;phantasmal_image;thalia_lieutenant;1
island;horizon_canopy;noble_hierarch;kitesail_freebooter;meddling_mage;mantis_rider;reflector_mage;0
cavern_of_souls;cavern_of_souls;aether_vial;aether_vial;champion_of_the_parish;meddling_mage;militia_bugler;1
unclaimed_territory;ancient_ziggurat;champion_of_the_parish;champion_of_the_parish;phantasmal_image;mantis_rider;reflector_mage;1
unclaimed_territory;ancient_ziggurat;thalia_lieutenant;mantis_rider;mantis_rider;reflector_mage;reflector_mage;0
island;cavern_of_souls;aether_vial;kitesail_freebooter;meddling_mage;thalia_guardian_of_thraben;thalia_lieutenant;1
plains;cavern_of_souls;kitesail_freebooter;kitesail_freebooter;meddling_mage;phantasmal_image;mantis_rider;0
island;unclaimed_territory;aether_vial;meddling_mage;phantasmal_image;thalia_lieutenant;militia_bugler;1
unclaimed_territory;ancient_ziggurat;kitesail_freebooter;phantasmal_image;thalia_lieutenant;mantis_rider;militia_bugler;0
unclaimed_territory;cavern_of_souls;noble_hierarch;champion_of_the_parish;thalia_lieutenant;militia_bugler;militia_bugler;1
plains;ancient_ziggurat;noble_hierarch;noble_hierarch;meddling_mage;thalia_lieutenant;mantis_rider;1
unclaimed_territory;ancient_ziggurat;noble_hierarch;champion_of_the_parish;champion_of_the_parish;kitesail_freebooter;thalia_guardian_of_thraben;1
island;horizon_canopy;noble_hierarch;champion_of_the_parish;thalia_lieutenant;militia_bugler;reflector_mage;1
cavern_of_souls;horizon_canopy;noble_hierarch;champion_of_the_parish;kitesail_freebooter;thalia_guardian_of_thraben;militia_bugler;1
unclaimed_territory;ancient_ziggurat;aether_vial;aether_vial;noble_hierarch;kitesail_freebooter;phantasmal_image;0
horizon_canopy;horizon_canopy;kitesail_freebooter;kitesail_freebooter;meddling_mage;mantis_rider;mantis_rider;0
unclaimed_territory;cavern_of_souls;aether_vial;noble_hierarch;champion_of_the_parish;mantis_rider;mantis_rider;1
cavern_of_souls;horizon_canopy;kitesail_freebooter;phantasmal_image;phantasmal_image;thalia_lieutenant;militia_bugler;0
ancient_ziggurat;horizon_canopy;phantasmal_image;thalia_lieutenant;thalia_lieutenant;militia_bugler;reflector_mage;0
seachrome_coast;cavern_of_souls;champion_of_the_parish;kitesail_freebooter;phantasmal_image;thalia_guardian_of_thraben;thalia_guardian_of_thraben;1
island;ancient_ziggurat;aether_vial;kitesail_freebooter;meddling_mage;phantasmal_image;thalia_lieutenant;1
cavern_of_souls;cavern_of_souls;aether_vial;aether_vial;noble_hierarch;thalia_guardian_of_thraben;reflector_mage;0
unclaimed_territory;horizon_canopy;aether_vial;noble_hierarch;mantis_rider;mantis_rider;mantis_rider;1
ancient_ziggurat;ancient_ziggurat;aether_vial;aether_vial;champion_of_the_parish;thalia_lieutenant;militia_bugler;0
island;cavern_of_souls;aether_vial;kitesail_freebooter;kitesail_freebooter;phantasmal_image;mantis_rider;1
unclaimed_territory;cavern_of_souls;kitesail_freebooter;mantis_rider;militia_bugler;militia_bugler;reflector_mage;0
unclaimed_territory;ancient_ziggurat;champion_of_the_parish;champion_of_the_parish;kitesail_freebooter;meddling_mage;thalia_lieutenant;1
unclaimed_territory;ancient_ziggurat;noble_hierarch;noble_hierarch;mantis_rider;mantis_rider;reflector_mage;1
unclaimed_territory;ancient_ziggurat;noble_hierarch;kitesail_freebooter;meddling_mage;phantasmal_image;militia_bugler;1
plains;unclaimed_territory;aether_vial;kitesail_freebooter;meddling_mage;thalia_lieutenant;militia_bugler;1
island;ancient_ziggurat;champion_of_the_parish;meddling_mage;phantasmal_image;thalia_guardian_of_thraben;reflector_mage;1
plains;seachrome_coast;aether_vial;phantasmal_image;phantasmal_image;mantis_rider;reflector_mage;0
ancient_ziggurat;horizon_canopy;aether_vial;kitesail_freebooter;thalia_lieutenant;mantis_rider;reflector_mage;1
seachrome_coast;unclaimed_territory;kitesail_freebooter;thalia_lieutenant;mantis_rider;militia_bugler;reflector_mage;0
unclaimed_territory;ancient_ziggurat;noble_hierarch;kitesail_freebooter;phantasmal_image;thalia_guardian_of_thraben;mantis_rider;1
horizon_canopy;horizon_canopy;champion_of_the_parish;kitesail_freebooter;meddling_mage;thalia_guardian_of_thraben;reflector_mage;0
unclaimed_territory;cavern_of_souls;aether_vial;phantasmal_image;thalia_guardian_of_thraben;thalia_lieutenant;mantis_rider;1
unclaimed_territory;horizon_canopy;aether_vial;noble_hierarch;kitesail_freebooter;phantasmal_image;thalia_lieutenant;1
seachrome_coast;unclaimed_territory;aether_vial;noble_hierarch;meddling_mage;thalia_guardian_of_thraben;thalia_lieutenant;1
unclaimed_territory;ancient_ziggurat;noble_hierarch;thalia_lieutenant;thalia_lieutenant;militia_bugler;reflector_mage;1
ancient_ziggurat;cavern_of_souls;aether_vial;champion_of_the_parish;kitesail_freebooter;mantis_rider;reflector_mage;1
unclaimed_territory;cavern_of_souls;aether_vial;kitesail_freebooter;meddling_mage;meddling_mage;mantis_rider;1
unclaimed_territory;horizon_canopy;aether_vial;champion_of_the_parish;kitesail_freebooter;phantasmal_image;phantasmal_image;1
seachrome_coast;cavern_of_souls;meddling_mage;phantasmal_image;thalia_guardian_of_thraben;mantis_rider;militia_bugler;0
ancient_ziggurat;cavern_of_souls;phantasmal_image;thalia_guardian_of_thraben;thalia_lieutenant;thalia_lieutenant;mantis_rider;0
island;cavern_of_souls;champion_of_the_parish;meddling_mage;phantasmal_image;thalia_lieutenant;reflector_mage;1
ancient_ziggurat;cavern_of_souls;aether_vial;champion_of_the_parish;thalia_guardian_of_thraben;thalia_lieutenant;thalia_lieutenant;1
cavern_of_souls;cavern_of_souls;aether_vial;champion_of_the_parish;kitesail_freebooter;thalia_lieutenant;thalia_lieutenant;1
unclaimed_territory;ancient_ziggurat;noble_hierarch;kitesail_freebooter;kitesail_freebooter;kitesail_freebooter;militia_bugler;1
horizon_canopy;horizon_canopy;aether_vial;noble_hierarch;meddling_mage;thalia_guardian_of_thraben;thalia_guardian_of_thraben;1
ancient_ziggurat;ancient_ziggurat;kitesail_freebooter;phantasmal_image;phantasmal_image;thalia_guardian_of_thraben;mantis_rider;0
unclaimed_territory;ancient_ziggurat;kitesail_freebooter;phantasmal_image;thalia_guardian_of_thraben;militia_bugler;reflector_mage;0
horizon_canopy;horizon_canopy;noble_hierarch;champion_of_the_parish;thalia_guardian_of_thraben;thalia_lieutenant;militia_bugler;1
island;horizon_canopy;champion_of_the_parish;meddling_mage;thalia_guardian_of_thraben;mantis_rider;reflector_mage;1
unclaimed_territory;ancient_ziggurat;aether_vial;kitesail_freebooter;meddling_mage;meddling_mage;militia_bugler;1
cavern_of_souls;horizon_canopy;noble_hierarch;kitesail_freebooter;meddling_mage;thalia_lieutenant;militia_bugler;1
seachrome_coast;cavern_of_souls;champion_of_the_parish;kitesail_freebooter;kitesail_freebooter;mantis_rider;reflector_mage;1
island;horizon_canopy;noble_hierarch;noble_hierarch;mantis_rider;mantis_rider;mantis_rider;0
island;horizon_canopy;noble_hierarch;noble_hierarch;militia_bugler;militia_bugler;militia_bugler;1
plains;unclaimed_territory;champion_of_the_parish;meddling_mage;phantasmal_image;mantis_rider;mantis_rider;1
plains;ancient_ziggurat;phantasmal_image;phantasmal_image;thalia_lieutenant;mantis_rider;reflector_mage;0
cavern_of_souls;cavern_of_souls;kitesail_freebooter;meddling_mage;thalia_guardian_of_thraben;mantis_rider;mantis_rider;0
seachrome_coast;unclaimed_territory;champion_of_the_parish;champion_of_the_parish;kitesail_freebooter;phantasmal_image;phantasmal_image;1
unclaimed_territory;horizon_canopy;champion_of_the_parish;kitesail_freebooter;meddling_mage;thalia_guardian_of_thraben;thalia_lieutenant;1
unclaimed_territory;cavern_of_souls;aether_vial;champion_of_the_parish;champion_of_the_parish;thalia_lieutenant;mantis_rider;1
unclaimed_territory;cavern_of_souls;aether_vial;noble_hierarch;meddling_mage;militia_bugler;militia_bugler;1
cavern_of_souls;cavern_of_souls;champion_of_the_parish;kitesail_freebooter;phantasmal_image;mantis_rider;mantis_rider;1
ancient_ziggurat;cavern_of_souls;noble_hierarch;noble_hierarch;noble_hierarch;champion_of_the_parish;thalia_lieutenant;1
ancient_ziggurat;cavern_of_souls;noble_hierarch;kitesail_freebooter;thalia_guardian_of_thraben;mantis_rider;reflector_mage;1
seachrome_coast;cavern_of_souls;aether_vial;aether_vial;meddling_mage;meddling_mage;thalia_lieutenant;1
ancient_ziggurat;horizon_canopy;aether_vial;aether_vial;phantasmal_image;thalia_lieutenant;militia_bugler;1
ancient_ziggurat;cavern_of_souls;champion_of_the_parish;phantasmal_image;thalia_guardian_of_thraben;thalia_lieutenant;reflector_mage;1
unclaimed_territory;cavern_of_souls;noble_hierarch;noble_hierarch;kitesail_freebooter;thalia_guardian_of_thraben;militia_bugler;1
ancient_ziggurat;cavern_of_souls;champion_of_the_parish;kitesail_freebooter;mantis_rider;mantis_rider;militia_bugler;1
unclaimed_territory;cavern_of_souls;noble_hierarch;kitesail_freebooter;kitesail_freebooter;phantasmal_image;thalia_lieutenant;1
cavern_of_souls;horizon_canopy;kitesail_freebooter;kitesail_freebooter;phantasmal_image;thalia_guardian_of_thraben;militia_bugler;0
unclaimed_territory;ancient_ziggurat;noble_hierarch;thalia_lieutenant;thalia_lieutenant;militia_bugler;militia_bugler;1
ancient_ziggurat;ancient_ziggurat;noble_hierarch;noble_hierarch;champion_of_the_parish;meddling_mage;mantis_rider;1
cavern_of_souls;cavern_of_souls;kitesail_freebooter;meddling_mage;phantasmal_image;reflector_mage;reflector_mage;0
seachrome_coast;horizon_canopy;kitesail_freebooter;meddling_mage;phantasmal_image;thalia_guardian_of_thraben;mantis_rider;0
unclaimed_territory;ancient_ziggurat;aether_vial;noble_hierarch;kitesail_freebooter;meddling_mage;thalia_guardian_of_thraben;1
ancient_ziggurat;cavern_of_souls;aether_vial;noble_hierarch;kitesail_freebooter;phantasmal_image;militia_bugler;1
seachrome_coast;ancient_ziggurat;aether_vial;noble_hierarch;meddling_mage;phantasmal_image;militia_bugler;1
unclaimed_territory;horizon_canopy;aether_vial;noble_hierarch;kitesail_freebooter;phantasmal_image;reflector_mage;1
ancient_ziggurat;cavern_of_souls;kitesail_freebooter;phantasmal_image;thalia_lieutenant;militia_bugler;reflector_mage;0
ancient_ziggurat;horizon_canopy;aether_vial;kitesail_freebooter;meddling_mage;phantasmal_image;militia_bugler;1
ancient_ziggurat;horizon_canopy;noble_hierarch;thalia_guardian_of_thraben;thalia_lieutenant;militia_bugler;reflector_mage;1
cavern_of_souls;horizon_canopy;kitesail_freebooter;thalia_guardian_of_thraben;thalia_lieutenant;mantis_rider;militia_bugler;0
plains;seachrome_coast;aether_vial;champion_of_the_parish;meddling_mage;mantis_rider;militia_bugler;1
unclaimed_territory;unclaimed_territory;noble_hierarch;champion_of_the_parish;champion_of_the_parish;thalia_lieutenant;reflector_mage;1
unclaimed_territory;ancient_ziggurat;aether_vial;phantasmal_image;thalia_lieutenant;thalia_lieutenant;mantis_rider;1
horizon_canopy;horizon_canopy;noble_hierarch;champion_of_the_parish;militia_bugler;reflector_mage;reflector_mage;1
ancient_ziggurat;cavern_of_souls;aether_vial;champion_of_the_parish;kitesail_freebooter;meddling_mage;mantis_rider;1
ancient_ziggurat;cavern_of_souls;aether_vial;champion_of_the_parish;meddling_mage;meddling_mage;thalia_lieutenant;1
island;cavern_of_souls;aether_vial;kitesail_freebooter;meddling_mage;phantasmal_image;thalia_lieutenant;1
seachrome_coast;cavern_of_souls;aether_vial;noble_hierarch;meddling_mage;phantasmal_image;thalia_guardian_of_thraben;1
island;horizon_canopy;champion_of_the_parish;meddling_mage;thalia_lieutenant;thalia_lieutenant;reflector_mage;1
unclaimed_territory;ancient_ziggurat;aether_vial;meddling_mage;mantis_rider;mantis_rider;militia_bugler;1
ancient_ziggurat;cavern_of_souls;kitesail_freebooter;phantasmal_image;mantis_rider;mantis_rider;militia_bugler;0
island;unclaimed_territory;kitesail_freebooter;phantasmal_image;phantasmal_image;phantasmal_image;reflector_mage;0
ancient_ziggurat;cavern_of_souls;noble_hierarch;champion_of_the_parish;phantasmal_image;thalia_lieutenant;thalia_lieutenant;1
island;cavern_of_souls;noble_hierarch;meddling_mage;thalia_lieutenant;mantis_rider;mantis_rider;1
ancient_ziggurat;horizon_canopy;noble_hierarch;kitesail_freebooter;mantis_rider;mantis_rider;reflector_mage;1
ancient_ziggurat;horizon_canopy;aether_vial;kitesail_freebooter;thalia_lieutenant;thalia_lieutenant;mantis_rider;1
plains;horizon_canopy;champion_of_the_parish;thalia_guardian_of_thraben;thalia_guardian_of_thraben;mantis_rider;mantis_rider;0
ancient_ziggurat;horizon_canopy;noble_hierarch;thalia_lieutenant;thalia_lieutenant;militia_bugler;militia_bugler;1
unclaimed_territory;cavern_of_souls;aether_vial;champion_of_the_parish;kitesail_freebooter;kitesail_freebooter;thalia_lieutenant;1
unclaimed_territory;ancient_ziggurat;noble_hierarch;noble_hierarch;meddling_mage;thalia_lieutenant;mantis_rider;1
unclaimed_territory;ancient_ziggurat;kitesail_freebooter;thalia_guardian_of_thraben;militia_bugler;reflector_mage;reflector_mage;0
plains;horizon_canopy;noble_hierarch;noble_hierarch;champion_of_the_parish;champion_of_the_parish;mantis_rider;1
horizon_canopy;horizon_canopy;champion_of_the_parish;meddling_mage;meddling_mage;reflector_mage;reflector_mage;0
unclaimed_territory;unclaimed_territory;champion_of_the_parish;phantasmal_image;thalia_guardian_of_thraben;thalia_guardian_of_thraben;reflector_mage;1
plains;ancient_ziggurat;noble_hierarch;noble_hierarch;phantasmal_image;mantis_rider;mantis_rider;1
ancient_ziggurat;cavern_of_souls;champion_of_the_parish;champion_of_the_parish;phantasmal_image;thalia_guardian_of_thraben;mantis_rider;1
cavern_of_souls;horizon_canopy;noble_hierarch;kitesail_freebooter;phantasmal_image;thalia_lieutenant;reflector_mage;1
unclaimed_territory;ancient_ziggurat;noble_hierarch;champion_of_the_parish;meddling_mage;phantasmal_image;reflector_mage;1
island;cavern_of_souls;noble_hierarch;noble_hierarch;meddling_mage;thalia_guardian_of_thraben;thalia_guardian_of_thraben;1
unclaimed_territory;cavern_of_souls;champion_of_the_parish;champion_of_the_parish;meddling_mage;phantasmal_image;reflector_mage;1
cavern_of_souls;horizon_canopy;aether_vial;noble_hierarch;meddling_mage;phantasmal_image;thalia_lieutenant;1
island;horizon_canopy;champion_of_the_parish;meddling_mage;thalia_guardian_of_thraben;thalia_guardian_of_thraben;reflector_mage;1
horizon_canopy;horizon_canopy;aether_vial;aether_vial;noble_hierarch;thalia_lieutenant;mantis_rider;1
cavern_of_souls;horizon_canopy;noble_hierarch;noble_hierarch;thalia_lieutenant;militia_bugler;reflector_mage;1
cavern_of_souls;cavern_of_souls;aether_vial;noble_hierarch;phantasmal_image;thalia_guardian_of_thraben;mantis_rider;1
cavern_of_souls;horizon_canopy;aether_vial;meddling_mage;thalia_lieutenant;thalia_lieutenant;reflector_mage;1
plains;cavern_of_souls;aether_vial;kitesail_freebooter;thalia_guardian_of_thraben;militia_bugler;reflector_mage;1
cavern_of_souls;horizon_canopy;aether_vial;kitesail_freebooter;meddling_mage;mantis_rider;militia_bugler;1
seachrome_coast;cavern_of_souls;aether_vial;kitesail_freebooter;meddling_mage;phantasmal_image;reflector_mage;1
unclaimed_territory;ancient_ziggurat;aether_vial;noble_hierarch;champion_of_the_parish;thalia_lieutenant;reflector_mage;1
ancient_ziggurat;horizon_canopy;kitesail_freebooter;kitesail_freebooter;thalia_guardian_of_thraben;mantis_rider;militia_bugler;0
unclaimed_territory;cavern_of_souls;meddling_mage;meddling_mage;meddling_mage;thalia_lieutenant;mantis_rider;0
plains;ancient_ziggurat;aether_vial;champion_of_the_parish;kitesail_freebooter;kitesail_freebooter;militia_bugler;1
ancient_ziggurat;horizon_canopy;meddling_mage;meddling_mage;thalia_guardian_of_thraben;thalia_lieutenant;mantis_rider;0
cavern_of_souls;horizon_canopy;meddling_mage;phantasmal_image;mantis_rider;mantis_rider;reflector_mage;0
plains;horizon_canopy;aether_vial;champion_of_the_parish;champion_of_the_parish;meddling_mage;thalia_guardian_of_thraben;1
cavern_of_souls;cavern_of_souls;aether_vial;kitesail_freebooter;phantasmal_image;thalia_lieutenant;militia_bugler;1
cavern_of_souls;horizon_canopy;aether_vial;champion_of_the_parish;phantasmal_image;phantasmal_image;thalia_lieutenant;1
ancient_ziggurat;ancient_ziggurat;champion_of_the_parish;kitesail_freebooter;mantis_rider;militia_bugler;militia_bugler;1
island;unclaimed_territory;noble_hierarch;champion_of_the_parish;meddling_mage;thalia_lieutenant;militia_bugler;1
unclaimed_territory;unclaimed_territory;aether_vial;champion_of_the_parish;thalia_lieutenant;mantis_rider;reflector_mage;1
seachrome_coast;horizon_canopy;aether_vial;champion_of_the_parish;phantasmal_image;phantasmal_image;mantis_rider;1
unclaimed_territory;cavern_of_souls;aether_vial;kitesail_freebooter;meddling_mage;thalia_guardian_of_thraben;militia_bugler;1
cavern_of_souls;horizon_canopy;aether_vial;champion_of_the_parish;phantasmal_image;thalia_lieutenant;militia_bugler;1
unclaimed_territory;ancient_ziggurat;phantasmal_image;thalia_lieutenant;thalia_lieutenant;mantis_rider;mantis_rider;0
cavern_of_souls;cavern_of_souls;aether_vial;kitesail_freebooter;meddling_mage;mantis_rider;mantis_rider;1
plains;unclaimed_territory;aether_vial;champion_of_the_parish;champion_of_the_parish;thalia_lieutenant;reflector_mage;1
unclaimed_territory;ancient_ziggurat;aether_vial;noble_hierarch;champion_of_the_parish;mantis_rider;militia_bugler;1
ancient_ziggurat;horizon_canopy;noble_hierarch;champion_of_the_parish;meddling_mage;phantasmal_image;thalia_guardian_of_thraben;1
unclaimed_territory;horizon_canopy;aether_vial;kitesail_freebooter;thalia_lieutenant;mantis_rider;reflector_mage;1
island;seachrome_coast;champion_of_the_parish;meddling_mage;thalia_lieutenant;thalia_lieutenant;mantis_rider;1
unclaimed_territory;cavern_of_souls;aether_vial;noble_hierarch;meddling_mage;thalia_lieutenant;reflector_mage;1
plains;cavern_of_souls;aether_vial;noble_hierarch;noble_hierarch;champion_of_the_parish;thalia_lieutenant;1
unclaimed_territory;ancient_ziggurat;aether_vial;meddling_mage;phantasmal_image;mantis_rider;militia_bugler;1
ancient_ziggurat;cavern_of_souls;aether_vial;champion_of_the_parish;kitesail_freebooter;thalia_lieutenant;militia_bugler;1
unclaimed_territory;cavern_of_souls;aether_vial;aether_vial;champion_of_the_parish;meddling_mage;militia_bugler;1
island;horizon_canopy;aether_vial;champion_of_the_parish;kitesail_freebooter;meddling_mage;phantasmal_image;1
cavern_of_souls;horizon_canopy;noble_hierarch;champion_of_the_parish;thalia_guardian_of_thraben;thalia_lieutenant;reflector_mage;1
